episode,epsilon,loss,assign,charge,noop,cost_per_order,success_rate,ontime_rate,energy_per_order,n_delivered,n_dropped,depletion_events,episode_return
0,1.0,nan,36,7,2,27.029392857142852,0.5490196078431373,0.8928571428571429,0.30796428571428075,28.0,23.0,8.0,-351.84299999999996
1,0.8390886103705794,14.351752989632743,40,9,4,19.077354838709674,0.7209302325581395,0.9354838709677419,0.29348387096773715,31.0,12.0,8.0,-136.43799999999996
2,0.6274028820538087,10.846754230301956,39,11,8,19.57587096774193,0.7045454545454546,0.9354838709677419,0.31458064516128514,31.0,13.0,8.0,-151.93199999999996
3,0.4351424010585501,8.722730773769014,51,13,9,20.32463414634146,0.5942028985507246,0.9512195121951219,0.2758536585365811,41.0,28.0,8.0,-228.4000000000001
4,0.285607880564032,9.317078232765198,59,17,8,27.641731707317067,0.4606741573033708,0.975609756097561,0.310024390243897,41.0,48.0,8.0,-523.391
